"";"Apertura programática";"Unidad Solicitante";"NumExpediente";"Estado";"anioEXP";"anioSCO";"Número solicitud";"Nombre solicitud";"Nro. Pliego";"Nombre pliego";"MontoSolic";"Día de Fecha creación proceso";"Días desde la creación del proceso";"Estado proceso";"Estado agrupado";"Día de Fecha autorización";"Días desde autorización";"Estado Pliego";"Fecha de último pase";"Usuario actual";"Repartición actual";"Días desde última modificación";"Nro. expediente (de la solicitud)";"Nro. expediente (del pliego)";"Sistema creador";"Grupo de trámite";"Repartición";"Sector caratulador";"Fecha de caratulación";"Prog.";"Subprog.";"Proy.";"Act.";"Obra";"Descripción Detallada";"Unidad Ejecutora Propuesta";"Unidad Ejecutora Propuesta a nivel Secretaría";"Observaciones";"anio_caratulacion";"dias_ultimo_pase";"Secretaría";"Programa Descripción";"repartición actual";"reparticion.actual.agrup"
"1";NA;NA;"EX-2022-00921962-APN-DCYC#MS";"Abierto";"2022";"sin SCO";"sin SCO";"sin SCO";"80-0001-CDI22";"Contratación con Universidad Nacional Arturo Jauretche (UNAJ) - Diplomatura Superior en Redes Salud";NA;"04/01/2022";77;NA;NA;NA;NA;"1-Inicial";"10/3/2022";"BCODA";"DAL#MS - Dirección de asuntos legales";742;NA;NA;"COMPRAR";"Compras y contrataciones";"DCYC#MS - Dirección de compras y contrataciones";"UOC";"4/1/2022";NA;NA;NA;NA;NA;NA;NA;NA;NA;"2022";12;"Sin SCO vinculada";NA;"DAL";"DAL"
"2";"29.0.0.9.0";"Incucai";"EX-2022-03851813-APN-DCYC#MS";"Abierto";"2022";"2022";"80-5-SCO22";"Adquisición de Gotas Oftálmicas para el Programa Nacional de Seguimiento Postrasplante";"80-0001-LPR22";"Adquisición de medicamentos para aplicación oftálmica pre y post quirúrgicos";5987944;"13/01/2022";68;"Publicado";"Autorizada";"20/01/2022";61;"2-Publicación o invitación";"8/3/2022";"DENIMEDINA";"DCYC#MS - Dirección de compras y contrataciones";744;"EX-2021-124214500-   -APN-SGA#MS";"EX-2022-03851813-   -APN-DCYC#MS";"COMPRAR";"Compras y contrataciones";"DCYC#MS - Dirección de compras y contrataciones";"UOC";"13/1/2022";"29";"0";"0";"9";"0";"Asistencia al Paciente Trasplantado";"2512 - Dir Nac Med, Insumos y Tecn";"Sec. De  Acceso a la Salud";NA;"2022";14;"Secretaría de Acceso a la Salud";"Asistencia al Paciente Trasplantado";"DCYC";"Compras"
"3";"29.0.0.45.0";"Dirección Nacional De Medicamentos Y Tecnología Sanitaria";"EX-2022-01684683-APN-DCYC#MS";"Abierto";"2022";"2022";"80-3-SCO22";"Adquisición de medicamentos para patologías de Salud Mental";"80-0001-LPU22";"Adquisición de medicamentos para patologías de Salud Mental";183414000;"06/01/2022";75;"En Apertura";"Autorizada";"20/01/2022";61;"3-Apertura";"8/3/2022";"SCASADO";"DCYC#MS - Dirección de compras y contrataciones";744;"EX-2022-00640013-   -APN-SGA#MS";"EX-2022-01684683-   -APN-DCYC#MS";"COMPRAR";"Compras y contrataciones";"DCYC#MS - Dirección de compras y contrataciones";"UOC";"6/1/2022";"29";"0";"0";"45";"0";"REMEDIAR";"Sub. De Medicamentos e Información Estrategica";"Sec. De  Acceso a la Salud";"
Cambia denominación Programa y UE";"2022";14;"Secretaría de Acceso a la Salud";"REMEDIAR";"DCYC";"Compras"
"4";"37.0.0.7.0";"Dncet-Cz";"EX-2022-12764698-APN-DCYC#MS";"Abierto";"2022";"2022";"80-19-SCO22";"Adquisición de Albendazol 400 mg";"80-0002-LPR22";"Adquisición de Albendazol 400 mg.";4088000;"09/02/2022";41;"Publicado";"Autorizada";"31/01/2022";50;"2-Publicación o invitación";"15/3/2022";"SEBLOPEZ";"DCYC#MS - Dirección de compras y contrataciones";737;"EX-2022-08425350-   -APN-SGA#MS";"EX-2022-12764698-   -APN-DCYC#MS";"COMPRAR";"Compras y contrataciones";"DCYC#MS - Dirección de compras y contrataciones";"UOC";"9/2/2022";"37";"0";"0";"7";"0";"Vigilancia, Prevención y Control de Enfermedades Zoonóticas";"Dir Nac Enferm Transmisibles";"Sec. De  Acceso a la Salud";NA;"2022";7;"Secretaría de Acceso a la Salud";"Vigilancia, Prevención y Control de Enfermedades Zoonóticas";"DCYC";"Compras"
"5";"17.0.0.43.0";"Dirección De Salud Perinatal Y Niñez";"EX-2022-03426121-APN-DCYC#MS";"Abierto";"2022";"2021";"80-254-SCO21";"Adq. de pulseras plásticas de identificación para recién nacidos";"80-0002-LPU22";"Adquisición de Juego de pulseras plásticas siliconadas de indentificación para recién nacidos";44724000;"12/01/2022";69;"Publicado";"Autorizada";"30/12/2021";82;"2-Publicación o invitación";"24/2/2022";"DENIMEDINA";"DCYC#MS - Dirección de compras y contrataciones";757;NA;"EX-2022-03426121-   -APN-DCYC#MS";"COMPRAR";"Compras y contrataciones";"DCYC#MS - Dirección de compras y contrataciones";"UOC";"12/1/2022";"17";"0";"0";"43";"0";"Acciones de Perinatología";"Sub. De Estrategias Sanitarias";"Sec. De  Acceso a la Salud";"Cambia UE";"2022";26;"Secretaría de Acceso a la Salud";"Acciones de Perinatología";"DCYC";"Compras"
"6";"20.0.0.43.0";"Dicei";"EX-2022-02103985-APN-DCYC#MS";"Abierto";"2022";"2022";"80-6-SCO22";"Adquisición de Jeringas descartables con agujas y Descartadores de biologicos.";"80-0003-CDI22";"COMPULSA COVID19 N°2/22 Adquisición Jeringas y Descartadores p/Campaña de Vacunación contra COVID19";864760100;"07/01/2022";74;"En Apertura";"Autorizada";"20/01/2022";61;"3-Apertura";"16/3/2022";"JIMENAVILLEGAS";"DCYC#MS - Dirección de compras y contrataciones";736;NA;"EX-2022-02103985-   -APN-DCYC#MS";"COMPRAR";"Compras y contrataciones";"DCYC#MS - Dirección de compras y contrataciones";"PVD";"7/1/2022";"20";"0";"0";"43";"0";"Normatización, Suministro y Supervisión de Vacunaciones";"Sub. De Estrategias Sanitarias";"Sec. De  Acceso a la Salud";"Cambia UE";"2022";6;"Secretaría de Acceso a la Salud";"Normatización, Suministro y Supervisión de Vacunaciones";"DCYC";"Compras"
"7";"20.0.0.43.0";"Dicei";"EX-2022-05756447-APN-DCYC#MS";"Abierto";"2022";"2021";"80-250-SCO21";"Adquisición Vacuna Antineumoco´cica Conjugada 13 Valente (VCN13).";"80-0003-LPU22";"Adquisición de Vacuna Antineumocócica Conjugada 13 Valente (VCN13)";12118560000;"19/01/2022";62;"Ingresado";"Autorizada";"21/12/2021";91;"1-Inicial";"18/3/2022";"SSES#MS-DESPACHO";"SSES#MS - Subsecretaría de estrategias sanitarias";734;"EX-2021-120126306-   -APN-SGA#MS";"EX-2022-05756447-   -APN-DCYC#MS";"COMPRAR";"Compras y contrataciones";"DCYC#MS - Dirección de compras y contrataciones";"UOC";"19/1/2022";"20";"0";"0";"43";"0";"Normatización, Suministro y Supervisión de Vacunaciones";"Sub. De Estrategias Sanitarias";"Sec. De  Acceso a la Salud";"Cambia UE";"2022";4;"Secretaría de Acceso a la Salud";"Normatización, Suministro y Supervisión de Vacunaciones";"SSES";"Programas"
"8";"49.0.0.4.0";"Dirección Nacional De Epidemiología E Información Estratégica";"EX-2022-02691546-APN-DCYC#MS";"Abierto";"2022";"2022";"80-1-SCO22";"Productos de laboratorio en el marco de las acciones de mitigación de la Pandemia Coronavirus COVID-19";"80-0004-CDI22";"Adquisición de Insumos para detección de COVID-19";2657797600;"10/01/2022";71;"En Apertura";"Autorizada";"10/01/2022";71;"3-Apertura";"18/3/2022";"GAHTUY";"DCYT#MS - Dirección de contabilidad y tesorería";734;NA;"EX-2022-02691546-   -APN-DCYC#MS";"COMPRAR";"Compras y contrataciones";"DCYC#MS - Dirección de compras y contrataciones";"PVD";"10/1/2022";NA;NA;NA;NA;NA;NA;NA;NA;NA;"2022";4;"Sin programa asociado";NA;"DCYT";"Contabilidad"
"9";"1.0.0.3.0";"80/000 - Dirección General De Administración - Ms";"EX-2021-98108336-APN-DCYC#MS";"Abierto";"2021";"2021";"80-175-SCO21";"READECUACION del EDIFICIO RAMÓN CARRILLO-SANIDAD DE FRONTERAS Y TERMINALES DE TRANSPORTE .";"80-0004-LPU22";"READECUACION del EDIFICIO RAMÓN CARRILLO, PB y 1º Piso, San. de Fronteras y Term. deTransporte.";69060000;"24/01/2022";57;"Ingresado";"Autorizada";"05/11/2021";137;"1-Inicial";"15/3/2022";"SCASADO";"DCYC#MS - Dirección de compras y contrataciones";737;"EX-2021-47930764-   -APN-DD#MS";"EX-2021-98108336-   -APN-DCYC#MS";"COMPRAR";"Compras y contrataciones";"DCYC#MS - Dirección de compras y contrataciones";"UOC";"14/10/2021";"1";"0";"0";"3";"0";"Actividades de Apoyo Administrativo";"Sub. de Gestión Administrativa";"Sub. de Gestión Administrativa";"Cambia  UE";"2021";7;"Subsecretaría de Gestión Administrativa";"Actividades de Apoyo Administrativo";"DCYC";"Compras"
"10";NA;NA;"EX-2022-03102314-APN-DCYC#MS";"Abierto";"2022";"sin SCO";"sin SCO";"sin SCO";"80-0005-CDI22";"Servicio de Recolección, Transporte, Tratamiento y Disposición final de Residuos Peligrosos - Y3";NA;"11/01/2022";70;NA;NA;NA;NA;"1-Inicial";"12/1/2022";"MMORANDO";"DCEI#MS - Dirección de control de enfermedades inmunoprevenibles";800;NA;NA;"COMPRAR";"Compras y contrataciones";"DCYC#MS - Dirección de compras y contrataciones";"UOC";"11/1/2022";NA;NA;NA;NA;NA;NA;NA;NA;NA;"2022";69;"Sin SCO vinculada";NA;"DCEI";"Programas"
"11";"29.0.0.9.0";"Incucai";"EX-2022-03579624-APN-DCYC#MS";"Abierto";"2022";"2022";"80-4-SCO22";"Adquisición de Difluprednato 0,05% gotas";"80-0006-CDI22";"Adquisición de Difluprednato 0,05% gotas";2652449;"12/01/2022";69;"Ingresado";"Autorizada";"20/01/2022";61;"1-Inicial";"18/2/2022";"OCANELINC";"INCUCAI#MS - Instituto nacional central único coordinador de ablación e implante";763;"EX-2021-124374178-   -APN-SGA#MS";"EX-2022-03579624-   -APN-DCYC#MS";"COMPRAR";"Compras y contrataciones";"DCYC#MS - Dirección de compras y contrataciones";"PVD";"12/1/2022";"29";"0";"0";"9";"0";"Asistencia al Paciente Trasplantado";"2512 - Dir Nac Med, Insumos y Tecn";"Sec. De  Acceso a la Salud";NA;"2022";32;"Secretaría de Acceso a la Salud";"Asistencia al Paciente Trasplantado";"INCUCAI";"Programas"
"12";"25.0.0.41.0";"Dirección Nacional De Salud Sexual Y Reproductiva";"EX-2022-04299050-APN-DCYC#MS";"Abierto";"2022";"2022";"80-7-SCO22";"Adquisición de Implantes Subdérmicos anticonceptivos";"80-0007-CDI22";"Adquisición de Implantes Anticonceptivos Subdérmicos";868593210;"14/01/2022";67;"Disponible Para Adjudicar";"Autorizada";"11/01/2022";70;"5-Preadjudicación";"15/3/2022";"ALELGARCIA";"DAL#MS - Dirección de asuntos legales";737;NA;"EX-2022-04299050-   -APN-DCYC#MS";"COMPRAR";"Compras y contrataciones";"DCYC#MS - Dirección de compras y contrataciones";"UOC";"14/1/2022";"25";"0";"0";"41";"0";"Desarrollo de la Salud Sexual y la Procreación Responsable (PPG)";"Sec. De  Acceso a la Salud";"Sec. De  Acceso a la Salud";"Cambia UE
";"2022";7;"Secretaría de Acceso a la Salud";"Desarrollo de la Salud Sexual y la Procreación Responsable (PPG)";"DAL";"DAL"
"13";"29.0.0.9.0";"Incucai";"EX-2022-07521169-APN-DCYC#MS";"Abierto";"2022";"2022";"80-15-SCO22";"Adquisición de Inmunoglobulina antilinfocitaria 25 mg";"80-0008-CDI22";"Adquisición de Inmunoglobulina antilinfocitaria 25 mg.";46095190;"25/01/2022";56;"En Evaluacion";"Autorizada";"24/01/2022";57;"4-Evaluación";"14/3/2022";"DNMYTS#MS-PVD";"DNMYTS#MS - Dirección nacional de medicamentos y tecnología sanitaria";738;"EX-2022-04898888-   -APN-SGA#MS";"EX-2022-07521169-   -APN-DCYC#MS";"COMPRAR";"Compras y contrataciones";"DCYC#MS - Dirección de compras y contrataciones";"UOC";"25/1/2022";"29";"0";"0";"9";"0";"Asistencia al Paciente Trasplantado";"2512 - Dir Nac Med, Insumos y Tecn";"Sec. De  Acceso a la Salud";NA;"2022";8;"Secretaría de Acceso a la Salud";"Asistencia al Paciente Trasplantado";"DNMYTS";"Programas"
"14";NA;NA;"EX-2022-17160225-APN-DCYC#MS";"Abierto";"2022";"sin SCO";"sin SCO";"sin SCO";"80-0008-LPU22";"Unidad de servicio de alta seguridad de carga de datos, personalización e impresión de credenciales";NA;"22/02/2022";28;NA;NA;NA;NA;"1-Inicial";"16/3/2022";"FTODARO";"DNHFYSF#MS - Dirección nacional de habilitación, fiscalización y sanidad de fronteras";736;NA;NA;"COMPRAR";"Compras y contrataciones";"DCYC#MS - Dirección de compras y contrataciones";"PVD";"22/2/2022";NA;NA;NA;NA;NA;NA;NA;NA;NA;"2022";6;"Sin SCO vinculada";NA;"DNHFYSF";"Programas"
"15";NA;NA;"EX-2022-17703167-APN-DCYC#MS";"Abierto";"2022";"sin SCO";"sin SCO";"sin SCO";"80-0009-LPU22";"Adquisición de Reactivos para seguimiento y diagnóstico de VIH e ITS.";NA;"23/02/2022";27;NA;NA;NA;NA;"1-Inicial";"18/3/2022";"ALUJAN";"DAL#MS - Dirección de asuntos legales";734;NA;NA;"COMPRAR";"Compras y contrataciones";"DCYC#MS - Dirección de compras y contrataciones";"PVD";"23/2/2022";NA;NA;NA;NA;NA;NA;NA;NA;NA;"2022";4;"Sin SCO vinculada";NA;"DAL";"DAL"
"16";"29.0.0.45.0";"Dirección Nacional De Medicamentos Y Tecnología Sanitaria";"EX-2022-14607841-APN-DCYC#MS";"Abierto";"2022";"2022";"80-22-SCO22";"Servicio de Operación Logística Insumos sanitarios";"80-0010-CDI22";"Contratación del Servicio de Operador Logístico";1336159533;"15/02/2022";35;"Ingresado";"Autorizada";"02/02/2022";48;"1-Inicial";"18/3/2022";"BCODA";"DAL#MS - Dirección de asuntos legales";734;"EX-2021-120033357-   -APN-SGA#MS";"EX-2022-14607841-   -APN-DCYC#MS";"COMPRAR";"Compras y contrataciones";"DCYC#MS - Dirección de compras y contrataciones";"UOC";"15/2/2022";"29";"0";"0";"45";"0";"REMEDIAR";"Sub. De Medicamentos e Información Estrategica";"Sec. De  Acceso a la Salud";"
Cambia denominación Programa y UE";"2022";4;"Secretaría de Acceso a la Salud";"REMEDIAR";"DAL";"DAL"
"17";"17.0.0.43.0";"Dirección De Salud Perinatal Y Niñez";"EX-2022-17944220-APN-DCYC#MS";"Abierto";"2022";"2022";"80-11-SCO22";"Adq de Medicamentos Varios para la atención neonatal, parto y puerperio";"80-0010-LPU22";"Adq. de Medicamentos Varios para la atención neonatal, parto y puerperio.";457083170;"24/02/2022";26;"Ingresado";"Autorizada";"15/02/2022";35;"1-Inicial";"17/3/2022";"FCLEMENTE";"UGA#MS - Unidad gabinete de asesores";735;NA;"EX-2022-17944220-   -APN-DCYC#MS";"COMPRAR";"Compras y contrataciones";"DCYC#MS - Dirección de compras y contrataciones";"UOC";"24/2/2022";"17";"0";"0";"43";"0";"Acciones de Perinatología";"Sub. De Estrategias Sanitarias";"Sec. De  Acceso a la Salud";"Cambia UE";"2022";5;"Secretaría de Acceso a la Salud";"Acciones de Perinatología";"UGA";"Programas"
"18";"17.0.0.9.0";"Dirección De Salud Perinatal Y Niñez";"EX-2022-18049850-APN-DCYC#MS";"Abierto";"2022";"2022";"80-2-SCO22";"Adquisición de Insumos para el Programa Nacional de Reproducción Médicamentos Asistida";"80-0011-CDI22";"Adquisición de Insumos para Tratamientos de Reproducción asistida.";12595274;"24/02/2022";26;"En Apertura";"Autorizada";"14/02/2022";36;"3-Apertura";"25/2/2022";"DENIMEDINA";"DCYC#MS - Dirección de compras y contrataciones";756;"EX-2021-126885184-   -APN-SGA#MS";"EX-2022-18049850-   -APN-DCYC#MS";"COMPRAR";"Compras y contrataciones";"DCYC#MS - Dirección de compras y contrataciones";"UOC";"24/2/2022";NA;NA;NA;NA;NA;NA;NA;NA;NA;"2022";25;"Sin programa asociado";NA;"DCYC";"Compras"
"19";"29.0.0.9.0";"Incucai";"EX-2021-23694735-APN-DCYC#MS";"Abierto";"2021";"2021";"80-35-SCO21";"Adquisición de Medicamentos Inmunosupresores";"80-0011-LPU21";"Adquisición de medicamentos inmunosupresores.";253682549;"17/03/2021";370;"En Evaluacion";"Autorizada";"05/05/2021";321;"4-Evaluación";"18/3/2022";"SAS#MS-DESPACHO";"SAS#MS - Secretaría de acceso a la salud";734;"EX-2021-16808541-   -APN-SSGA#MS";"EX-2021-23694735-   -APN-DCYC#MS";"COMPRAR";"Compras y contrataciones";"DCYC#MS - Dirección de compras y contrataciones";"UOC";"17/3/2021";"29";"0";"0";"9";"0";"Asistencia al Paciente Trasplantado";"2512 - Dir Nac Med, Insumos y Tecn";"Sec. De  Acceso a la Salud";NA;"2021";4;"Secretaría de Acceso a la Salud";"Asistencia al Paciente Trasplantado";"SAS";"Programas"
"20";"37.0.0.7.0";"Dncet - Coordinación De Zoonosis";"EX-2022-24369030-APN-DCYC#MS";"Abierto";"2022";"2022";"80-26-SCO22";"Adquisición de praziquantel 100 mg de uso veterinario";"80-0011-LPU22";"Adquisición de Praziquantel 100mg. de uso veterinario";21610000;"15/03/2022";7;"Ingresado";"Autorizada";"11/02/2022";39;"1-Inicial";"16/3/2022";"NJUAREZCHAZARRETA";"DAL#MS - Dirección de asuntos legales";736;"EX-2022-12095670-   -APN-SGA#MS";"EX-2022-24369030-   -APN-DCYC#MS";"COMPRAR";"Compras y contrataciones";"DCYC#MS - Dirección de compras y contrataciones";"UOC";"15/3/2022";"37";"0";"0";"7";"0";"Vigilancia, Prevención y Control de Enfermedades Zoonóticas";"Dir Nac Enferm Transmisibles";"Sec. De  Acceso a la Salud";NA;"2022";6;"Secretaría de Acceso a la Salud";"Vigilancia, Prevención y Control de Enfermedades Zoonóticas";"DAL";"DAL"
"21";NA;NA;"EX-2022-25492039-APN-DCYC#MS";"Abierto";"2022";"sin SCO";"sin SCO";"sin SCO";"80-0012-LPU22";"Adquisición de Gammaglobulina anti Rho";NA;"17/03/2022";5;NA;NA;NA;NA;"1-Inicial";"18/3/2022";"LDABATE";"DNACV#MS - Dirección nacional de abordaje por curso de vida";734;NA;NA;"COMPRAR";"Compras y contrataciones";"DCYC#MS - Dirección de compras y contrataciones";"PVD";"17/3/2022";NA;NA;NA;NA;NA;NA;NA;NA;NA;"2022";4;"Sin SCO vinculada";NA;"DNACV";"Programas"
"22";"25.0.0.41.0";"Dirección Nacional De Salud Sexual Y Reproductiva";"EX-2022-18758736-APN-DCYC#MS";"Abierto";"2022";"2022";"80-27-SCO22";"Adquisición de Anticonceptivos inyectables trimestrales (AMP TRI)";"80-0013-CDI22";"Adquisición de Anticonceptivos inyectables trimestrales (AMP TRI)";43374000;"25/02/2022";25;"Publicado";"Autorizada";"11/02/2022";39;"2-Publicación o invitación";"16/3/2022";"LUCSILVA";"DCYC#MS - Dirección de compras y contrataciones";736;NA;"EX-2022-18758736-   -APN-DCYC#MS";"COMPRAR";"Compras y contrataciones";"DCYC#MS - Dirección de compras y contrataciones";"UOC";"25/2/2022";"25";"0";"0";"41";"0";"Desarrollo de la Salud Sexual y la Procreación Responsable (PPG)";"Sec. De  Acceso a la Salud";"Sec. De  Acceso a la Salud";"Cambia UE
";"2022";6;"Secretaría de Acceso a la Salud";"Desarrollo de la Salud Sexual y la Procreación Responsable (PPG)";"DCYC";"Compras"
"23";"29.0.0.7.0";"Dcmeyap";"EX-2022-20196187-APN-DCYC#MS";"Abierto";"2022";"2022";"80-23-SCO22";"Adquisición de Elexacaftor 100 mg / Tezacaftor 50 mg / Ivacaftor 75 mg + Ivacaftor 150 mg en comprimidos";"80-0014-CDI22";"Adquisición Elexacaftor 100mg/ Tezacaftor 50mg/ Ivacaftor 75mg + Ivacaftor 150mg comprimidos";1157971815;"03/03/2022";19;"Ingresado";"Autorizada";"07/02/2022";43;"1-Inicial";"18/3/2022";"DCYC#MS-UOC";"DCYC#MS - Dirección de compras y contrataciones";734;"EX-2022-11088244-   -APN-SGA#MS";"EX-2022-20196187-   -APN-DCYC#MS";"COMPRAR";"Compras y contrataciones";"DCYC#MS - Dirección de compras y contrataciones";"UOC";"3/3/2022";NA;NA;NA;NA;NA;NA;NA;NA;NA;"2022";4;"Sin programa asociado";NA;"DCYC";"Compras"
"24";NA;NA;"EX-2021-85305257-APN-DCYC#MS";"Abierto";"2021";"sin SCO";"sin SCO";"sin SCO";"80-0014-LPR21";"Adquisición de insumos oftalmológicos";NA;"10/09/2021";193;NA;NA;NA;NA;"1-Inicial";"10/3/2022";"DAT#MS-ADMINISTRACION";"DAT#MS - Dirección de acciones territoriales";742;NA;NA;"COMPRAR";"Compras y contrataciones";"DCYC#MS - Dirección de compras y contrataciones";"UOC";"10/9/2021";NA;NA;NA;NA;NA;NA;NA;NA;NA;"2021";12;"Sin SCO vinculada";NA;"DAT";"Programas"
"25";"1.0.0.3.0";"Patrimonio Y Bienes De Uso";"EX-2022-22341517-APN-DCYC#MS";"Abierto";"2022";"2022";"80-35-SCO22";"SOLICITUD DE CONTRATACION DE SEGUROS AUTOMOTORES";"80-0015-CDI22";"SOLICITUD DE CONTRATACION DE SEGUROS AUTOMOTORES";30462726;"09/03/2022";13;"Ingresado";"Autorizada";"08/03/2022";14;"1-Inicial";"9/3/2022";"SEBLOPEZ";"DCYC#MS - Dirección de compras y contrataciones";743;"EX-2022-19577496-   -APN-SGA#MS";"EX-2022-22341517-   -APN-DCYC#MS";"COMPRAR";"Compras y contrataciones";"DCYC#MS - Dirección de compras y contrataciones";"UOC";"9/3/2022";"1";"0";"0";"3";"0";"Actividades de Apoyo Administrativo";"Sub. de Gestión Administrativa";"Sub. de Gestión Administrativa";"Cambia  UE";"2022";13;"Subsecretaría de Gestión Administrativa";"Actividades de Apoyo Administrativo";"DCYC";"Compras"
"26";NA;NA;"EX-2021-86369424-APN-DCYC#MS";"Abierto";"2021";"sin SCO";"sin SCO";"sin SCO";"80-0015-LPR21";"Adquisición de sillones de hemodonación portátiles, para equipos de hemoterapia.";NA;"14/09/2021";189;NA;NA;NA;NA;"1-Inicial";"17/3/2022";"MSPISARELLO";"DMT#MS - Dirección de medicina transfusional";735;NA;NA;"COMPRAR";"Compras y contrataciones";"DCYC#MS - Dirección de compras y contrataciones";"UOC";"14/9/2021";NA;NA;NA;NA;NA;NA;NA;NA;NA;"2021";5;"Sin SCO vinculada";NA;"DMT";"Programas"
"27";NA;NA;"EX-2021-96859926-APN-DCYC#MS";"Abierto";"2021";"sin SCO";"sin SCO";"sin SCO";"80-0017-LPR21";"Adquisición equipamiento logístico para DINESA";NA;"12/10/2021";161;NA;NA;NA;NA;"1-Inicial";"3/3/2022";"EMANSILLA";"DNES#MS - Dirección nacional de emergencias sanitarias";749;NA;NA;"COMPRAR";"Compras y contrataciones";"DCYC#MS - Dirección de compras y contrataciones";"PVD";"12/10/2021";NA;NA;NA;NA;NA;NA;NA;NA;NA;"2021";19;"Sin SCO vinculada";NA;"DNES";"Programas"
"28";"37.0.0.7.0";"Dncet - Coordinación De Zoonosis";"EX-2021-36220131-APN-DCYC#MS";"Abierto";"2021";"2021";"80-58-SCO21";"Adquisición de jeringas y agujas para campañas de vacunación antirrábica de perros y gatos";"80-0017-LPU21";"Adquisición de descartables quirúrgicos y ropa quirúrgica.";11625000;"26/04/2021";330;"Disponible Para Adjudicar";"Autorizada";"05/04/2021";351;"5-Preadjudicación";"15/3/2022";"SEBLOPEZ";"DCYC#MS - Dirección de compras y contrataciones";737;"EX-2021-24224795-   -APN-SSGA#MS";"EX-2021-36220131-   -APN-DCYC#MS";"COMPRAR";"Compras y contrataciones";"DCYC#MS - Dirección de compras y contrataciones";"UOC";"26/4/2021";"37";"0";"0";"7";"0";"Vigilancia, Prevención y Control de Enfermedades Zoonóticas";"Dir Nac Enferm Transmisibles";"Sec. De  Acceso a la Salud";NA;"2021";7;"Secretaría de Acceso a la Salud";"Vigilancia, Prevención y Control de Enfermedades Zoonóticas";"DCYC";"Compras"
"29";"26.0.0.1.0";"Dirección Nacional De Emergencias Sanitarias";"EX-2021-105714824-APN-DCYC#MS";"Abierto";"2021";"2021";"80-226-SCO21";"ADQUISICION ARTICULOS DE LIBRERIA";"80-0018-LPR21";"Adquisición artículos de librería";2875550;"02/11/2021";140;"En Evaluacion";"Autorizada";"20/10/2021";153;"4-Evaluación";"7/3/2022";"MMAURO";"DNES#MS - Dirección nacional de emergencias sanitarias";745;"EX-2021-91752723-   -APN-SGA#MS";"EX-2021-105714824-   -APN-DCYC#MS";"COMPRAR";"Compras y contrataciones";"DCYC#MS - Dirección de compras y contrataciones";"UOC";"2/11/2021";"26";"0";"0";"1";"0";"Cobertura de Emergencias Sanitarias";"Subs. Gestión de Servicios e Institutos";"Sec. De Calidad en Salud";"
Cambia UE";"2021";15;"Secretaría de Calidad en Salud";"Cobertura de Emergencias Sanitarias";"DNES";"Programas"
"30";"1.0.0.3.0";"80/000 - Dirección General De Administración - Ms";"EX-2021-70351054-APN-DCYC#MS";"Abierto";"2021";"2021";"80-125-SCO21";"Solado, pintura y trabajos complementarios en JARDIN MATERNAL “LA CASITA DEL SOL II”";"80-0019-LPR21";"Contratación por unidad de medida de tareas generales en el jardín maternal “La Casita del sol II”";16554422;"15/11/2021";127;"En Apertura";"Autorizada";"17/06/2021";278;"3-Apertura";"17/3/2022";"FDOVAL";"DGA#MS - Dirección general de administración";735;"EX-2021-46870388-   -APN-DD#MS";"EX-2021-70351054-   -APN-DCYC#MS";"COMPRAR";"Compras y contrataciones";"DCYC#MS - Dirección de compras y contrataciones";"PVD";"4/8/2021";"1";"0";"0";"3";"0";"Actividades de Apoyo Administrativo";"Sub. de Gestión Administrativa";"Sub. de Gestión Administrativa";"Cambia  UE";"2021";5;"Subsecretaría de Gestión Administrativa";"Actividades de Apoyo Administrativo";"DGA";"DGA"
"31";"26.0.0.1.0";"Dirección Nacional De Emergencias Sanitarias";"EX-2021-119493376-APN-DCYC#MS";"Abierto";"2021";"2021";"80-110-SCO21";"ADQUISICION DE AUTOELEVADOR PARA LA DIRECCION NACIONAL DE EMERGENCIAS SANITARIAS";"80-0020-LPR21";"Adquisición de Autoelevador para la Dirección Nacional de Emergencias Sanitarias";2900000;"09/12/2021";103;"En Apertura";"Autorizada";"29/09/2021";174;"3-Apertura";"21/2/2022";"MNLOMBARDO";"DCYC#MS - Dirección de compras y contrataciones";760;NA;"EX-2021-119493376-   -APN-DCYC#MS";"COMPRAR";"Compras y contrataciones";"DCYC#MS - Dirección de compras y contrataciones";"UOC";"9/12/2021";"26";"0";"0";"1";"0";"Cobertura de Emergencias Sanitarias";"Subs. Gestión de Servicios e Institutos";"Sec. De Calidad en Salud";"
Cambia UE";"2021";29;"Secretaría de Calidad en Salud";"Cobertura de Emergencias Sanitarias";"DCYC";"Compras"
"32";"1.0.0.3.0";"Departamento De Servicios Auxiliares";"EX-2021-48937892-APN-DCYC#MS";"Abierto";"2021";"2021";"80-76-SCO21";"Mantenimiento integral, preventivo, correctivo y Modernización de los ascensores y montacargas.";"80-0020-LPU21";"Contratación de modernización y servicio de mantenimiento integral, de ascensores y montacargas";58150350;"01/06/2021";294;"Ingresado";"Autorizada";"19/05/2021";307;"1-Inicial";"7/3/2022";"FDOVAL";"DGA#MS - Dirección general de administración";745;NA;"EX-2021-48937892-   -APN-DCYC#MS";"COMPRAR";"Compras y contrataciones";"DCYC#MS - Dirección de compras y contrataciones";"UOC";"1/6/2021";"1";"0";"0";"3";"0";"Actividades de Apoyo Administrativo";"Sub. de Gestión Administrativa";"Sub. de Gestión Administrativa";"Cambia  UE";"2021";15;"Subsecretaría de Gestión Administrativa";"Actividades de Apoyo Administrativo";"DGA";"DGA"
"33";"1.0.0.3.0";"Almacenes Dga";"EX-2021-18180245-APN-DCYC#MS";"Abierto";"2021";"2021";"80-25-SCO21";"Contratación";"80-0021-CDI21";"Adquisición de autoelevador para el área de Almacenes";2500000;"02/03/2021";385;"Preadjudicado";"Autorizada";"23/08/2021";211;"4-Evaluación";"17/3/2022";"JJSANCHEZ";"DCYC#MS - Dirección de compras y contrataciones";735;"EX-2020-71604369-   -APN-DD#MS";"EX-2021-18180245-   -APN-DCYC#MS";"COMPRAR";"Compras y contrataciones";"DCYC#MS - Dirección de compras y contrataciones";"UOC";"2/3/2021";"1";"0";"0";"3";"0";"Actividades de Apoyo Administrativo";"Sub. de Gestión Administrativa";"Sub. de Gestión Administrativa";"Cambia  UE";"2021";5;"Subsecretaría de Gestión Administrativa";"Actividades de Apoyo Administrativo";"DCYC";"Compras"
"34";"1.0.0.3.0";"Servicios Auxiliares - Automotores";"EX-2021-51258221-APN-DCYC#MS";"Abierto";"2021";"2021";"80-71-SCO21";"Adquisición de indumentaria de trabajo para el personal de Servicios Auxiliares, Automotores, Jardín";"80-0024-LPU21";"Adquisición de ropa e indumentaria de trabajo";3684200;"08/06/2021";287;"En Evaluacion";"Autorizada";"22/06/2021";273;"4-Evaluación";"18/3/2022";"PLALANNE";"DSFYTT#MS - Dirección de sanidad de fronteras y terminales de transporte";734;"EX-2021-10480007-   -APN-DD#MS";"EX-2021-51258221-   -APN-DCYC#MS";"COMPRAR";"Compras y contrataciones";"DCYC#MS - Dirección de compras y contrataciones";"UOC";"8/6/2021";"1";"0";"0";"3";"0";"Actividades de Apoyo Administrativo";"Sub. de Gestión Administrativa";"Sub. de Gestión Administrativa";"Cambia  UE";"2021";4;"Subsecretaría de Gestión Administrativa";"Actividades de Apoyo Administrativo";"DSFYTT";"Programas"
"35";NA;NA;"EX-2021-53686688-APN-DCYC#MS";"Abierto";"2021";"sin SCO";"sin SCO";"sin SCO";"80-0029-LPU21";"Adquisición de Insumos odontológicos";NA;"15/06/2021";280;NA;NA;NA;NA;"1-Inicial";"4/2/2022";"AEGARMENDIA";"DAT#MS - Dirección de acciones territoriales";777;NA;NA;"COMPRAR";"Compras y contrataciones";"DCYC#MS - Dirección de compras y contrataciones";"UOC";"15/6/2021";NA;NA;NA;NA;NA;NA;NA;NA;NA;"2021";46;"Sin SCO vinculada";NA;"DAT";"Programas"
"36";NA;"Instituto De Obra Social De Las Fuerzas Armadas Y De Seguridad";"EX-2021-24477205-APN-DCYC#MS";"Abierto";"2021";"2021";"80-46-SCO21";"Compra conjunta FACTOR VIII";"80-0034-LPU21";"Adquisición de Factor VIII para el tratamiento de la Hemofilia tipo A.";24375267;"23/06/2021";272;"Adjudicado con doc. contractuales generados";"Autorizada";"12/03/2021";375;"5-Preadjudicación";"6/1/2022";"LGAMBINI";"DCYC#MS - Dirección de compras y contrataciones";806;"EX-2020-56822301-   -APN-SSGA#MS";"EX-2021-24477205-   -APN-DCYC#MS";"COMPRAR";"Compras y contrataciones";"DCYC#MS - Dirección de compras y contrataciones";"UOC";"19/3/2021";NA;NA;NA;NA;NA;NA;NA;NA;NA;"2021";75;"Sin programa asociado";NA;"DCYC";"Compras"
"37";"29.0.0.9.0";"Incucai";"EX-2021-32048987-APN-DCYC#MS";"Abierto";"2021";"2021";"80-50-SCO21";"Adquisición de Medicamentos Inmunosupresores";"80-0035-CDI21";"Adquisición de medicamentos inmunosupresores";398962088;"13/04/2021";343;"Adjudicado con doc. contractuales generados";"Autorizada";"25/03/2021";362;"5-Preadjudicación";"18/3/2022";"SCASADO";"DCYC#MS - Dirección de compras y contrataciones";734;"EX-2021-19136859-   -APN-SSGA#MS";"EX-2021-32048987-   -APN-DCYC#MS";"COMPRAR";"Compras y contrataciones";"DCYC#MS - Dirección de compras y contrataciones";"UOC";"13/4/2021";"29";"0";"0";"9";"0";"Asistencia al Paciente Trasplantado";"2512 - Dir Nac Med, Insumos y Tecn";"Sec. De  Acceso a la Salud";NA;"2021";4;"Secretaría de Acceso a la Salud";"Asistencia al Paciente Trasplantado";"DCYC";"Compras"
"38";"1.0.0.3.0";"Departamento De Automotores";"EX-2021-59330720-APN-DCYC#MS";"Abierto";"2021";"2021";"80-253-SCO21";"Compra de Neumáticos y Baterías - Departamento de Automotores";"80-0037-LPU21";"Adquisición de neumáticos y baterías";43807956;"02/07/2021";263;"Ingresado";"Autorizada";"30/12/2021";82;"1-Inicial";"17/3/2022";"LUCSILVA";"DCYC#MS - Dirección de compras y contrataciones";735;"EX-2020-59806341-   -APN-DD#MS";"EX-2021-59330720-   -APN-DCYC#MS";"COMPRAR";"Compras y contrataciones";"DCYC#MS - Dirección de compras y contrataciones";"UOC";"2/7/2021";"1";"0";"0";"3";"0";"Actividades de Apoyo Administrativo";"Sub. de Gestión Administrativa";"Sub. de Gestión Administrativa";"Cambia  UE";"2021";5;"Subsecretaría de Gestión Administrativa";"Actividades de Apoyo Administrativo";"DCYC";"Compras"
"39";"26.0.0.1.0";"Direccion Nacional De Emergencias Sanitarias";"EX-2021-67171279-APN-DCYC#MS";"Abierto";"2021";"2021";"80-164-SCO21";"Adquisición insumos médicos para la Dirección Nacional de Emergencias Sanitarias";"80-0043-LPU21";"Adquisición de insumos médicos para la Dirección Nacional de Emergencias Sanitarias";33013243;"26/07/2021";239;"Ingresado";"Autorizada";"06/12/2021";106;"1-Inicial";"17/1/2022";"AEGARMENDIA";"DAT#MS - Dirección de acciones territoriales";795;"EX-2021-57648505-   -APN-SGA#MS";"EX-2021-67171279-   -APN-DCYC#MS";"COMPRAR";"Compras y contrataciones";"DCYC#MS - Dirección de compras y contrataciones";"PVD";"26/7/2021";"26";"0";"0";"1";"0";"Cobertura de Emergencias Sanitarias";"Subs. Gestión de Servicios e Institutos";"Sec. De Calidad en Salud";"
Cambia UE";"2021";64;"Secretaría de Calidad en Salud";"Cobertura de Emergencias Sanitarias";"DAT";"Programas"
"40";"1.0.0.3.0";"Dirección General De Administración";"EX-2021-87610369-APN-DCYC#MS";"Abierto";"2021";"2021";"80-195-SCO21";"Servicio de despachante de aduana";"80-0050-LPU21";"Contratación de servicio de despachante de aduana";28290000;"17/09/2021";186;"En Apertura";"Autorizada";"23/08/2021";211;"3-Apertura";"14/3/2022";"PTROISE";"DCYC#MS - Dirección de compras y contrataciones";738;NA;"EX-2021-87610369-   -APN-DCYC#MS";"COMPRAR";"Compras y contrataciones";"DCYC#MS - Dirección de compras y contrataciones";"UOC";"17/9/2021";"1";"0";"0";"3";"0";"Actividades de Apoyo Administrativo";"Sub. de Gestión Administrativa";"Sub. de Gestión Administrativa";"Cambia  UE";"2021";8;"Subsecretaría de Gestión Administrativa";"Actividades de Apoyo Administrativo";"DCYC";"Compras"
"41";"17.0.0.43.0";"Dirección De Salud Perinatal Y Niñez";"EX-2021-93095150-APN-DCYC#MS";"Abierto";"2021";"2021";"80-213-SCO21";"Adq. Reactivos de Pesquisa Neonatal";"80-0053-LPU21";"Adquisición de Reactivos para Pesquisa Neonatal.";289426757;"30/09/2021";173;"En Apertura";"Autorizada";"17/09/2021";186;"3-Apertura";"13/3/2022";"DCYC#MS-COMISION_EVALUADORA";"DCYC#MS - Dirección de compras y contrataciones";739;NA;"EX-2021-93095150-   -APN-DCYC#MS";"COMPRAR";"Compras y contrataciones";"DCYC#MS - Dirección de compras y contrataciones";"UOC";"30/9/2021";"17";"0";"0";"43";"0";"Acciones de Perinatología";"Sub. De Estrategias Sanitarias";"Sec. De  Acceso a la Salud";"Cambia UE";"2021";9;"Secretaría de Acceso a la Salud";"Acciones de Perinatología";"DCYC";"Compras"
"42";"16.0.0.49.0";"Direccion Nacional De Sistemas De Informacion";"EX-2021-93436105-APN-DCYC#MS";"Abierto";"2021";"2021";"80-201-SCO21";"Suscripción Anual en Capacitaciones Red Hat";"80-0054-LPU21";"Suscripción Anual en Capacitaciones Red Hat - DNSI";16508559;"01/10/2021";172;"Disponible Para Adjudicar";"Autorizada";"30/08/2021";204;"5-Preadjudicación";"18/3/2022";"ASANTIAGOCAFFER";"SSMEIE#MS - Subsecretaría de medicamentos e información estratégica";734;"EX-2021-76770961-   -APN-SGA#MS";"EX-2021-93436105-   -APN-DCYC#MS";"COMPRAR";"Compras y contrataciones";"DCYC#MS - Dirección de compras y contrataciones";"UOC";"1/10/2021";"16";"0";"0";"49";"0";"Implementación de Sistemas de Información Sanitaria";"Sub. De Integración de los Sistemas";"Sec. De Equidad en Salud";"Cambia UE";"2021";4;"Secretaría de Equidad de Salud";"Implementación de Sistemas de Información Sanitaria";"SSMEIE";"Programas"
"43";"22.0.0.41.0";"Dirección De Respuesta Al Vih, Its, Hepatitis Virales Y Tuberculosis";"EX-2021-97582040-APN-DCYC#MS";"Abierto";"2021";"2021";"80-193-SCO21";"Adquisición de Kits de Preservativos Peneanos de Látex, Geles Lubricantes y Sticker con Instrucciones de Uso";"80-0055-LPU21";"Adquisición Kits de preservativos peneanos de látex, geles lubricantes y sticker instructivo de uso";487295193;"13/10/2021";160;"En Evaluacion";"Autorizada";"24/08/2021";210;"4-Evaluación";"12/3/2022";"DCYC#MS-COMISION_EVALUADORA";"DCYC#MS - Dirección de compras y contrataciones";740;"EX-2021-72849888-   -APN-SGA#MS";"EX-2021-97582040-   -APN-DCYC#MS";"COMPRAR";"Compras y contrataciones";"DCYC#MS - Dirección de compras y contrataciones";"UOC";"13/10/2021";"22";"0";"0";"41";"0";"Vigilancia Epidemiológica e Investigaciones en SIDA";"Sub. De Estrategias Sanitarias";"Sec. De  Acceso a la Salud";"Cambia UE
";"2021";10;"Secretaría de Acceso a la Salud";"Vigilancia Epidemiológica e Investigaciones en SIDA";"DCYC";"Compras"
"44";"26.0.0.1.0";"Dirección Nacional De Emergencias Sanitarias";"EX-2021-98075683-APN-DCYC#MS";"Abierto";"2021";"2021";"80-154-SCO21";"Adquisición de equipamiento sanitario";"80-0056-LPU21";"Adquisición de equipamiento sanitario";26110100;"14/10/2021";159;"En Apertura";"Autorizada";"10/09/2021";193;"3-Apertura";"17/3/2022";"MMAURO";"DNES#MS - Dirección nacional de emergencias sanitarias";735;"EX-2021-58381963-   -APN-SGA#MS";"EX-2021-98075683-   -APN-DCYC#MS";"COMPRAR";"Compras y contrataciones";"DCYC#MS - Dirección de compras y contrataciones";"UOC";"14/10/2021";"26";"0";"0";"1";"0";"Cobertura de Emergencias Sanitarias";"Subs. Gestión de Servicios e Institutos";"Sec. De Calidad en Salud";"
Cambia UE";"2021";5;"Secretaría de Calidad en Salud";"Cobertura de Emergencias Sanitarias";"DNES";"Programas"
"45";"22.0.0.46.0";"Dirección De Respuesta Al Vih, Its, Hepatitis Virales Y Tuberculosis";"EX-2021-99148267-APN-DCYC#MS";"Abierto";"2021";"2021";"80-224-SCO21";"Adquisición de Reactivos de Hepatitis Virales";"80-0059-LPU21";"Adquisición de Reactivos para Diagnóstico y Seguimiento de Hepatitis Virales";544391081;"18/10/2021";155;"En Apertura";"Autorizada";"05/11/2021";137;"3-Apertura";"18/3/2022";"DCYC#MS-COMISION_EVALUADORA";"DCYC#MS - Dirección de compras y contrataciones";734;NA;"EX-2021-99148267-   -APN-DCYC#MS";"COMPRAR";"Compras y contrataciones";"DCYC#MS - Dirección de compras y contrataciones";"UOC";"18/10/2021";"22";"0";"0";"46";"0";"Prevención y Control de las Hepatitis Virales";"Sub. De Estrategias Sanitarias";"Sec. De  Acceso a la Salud";"Cambia UE
";"2021";4;"Secretaría de Acceso a la Salud";"Prevención y Control de las Hepatitis Virales";"DCYC";"Compras"
"46";"29.0.0.45.0";"Dirección Nacional De Medicamentos Y Tecnología Sanitaria";"EX-2021-100837456-APN-DCYC#MS";"Abierto";"2021";"2021";"80-179-SCO21";"Adquisición de Implantes Cocleares";"80-0060-LPU21";"Adquisición de implantes cocleares";410872043;"21/10/2021";152;"En Apertura";"Autorizada";"12/08/2021";222;"3-Apertura";"14/3/2022";"NTAGLIALEGNE";"DSPYN#MS - Dirección de salud perinatal y niñez";738;"EX-2021-72659494-   -APN-SGA#MS";"EX-2021-100837456-   -APN-DCYC#MS";"COMPRAR";"Compras y contrataciones";"DCYC#MS - Dirección de compras y contrataciones";"UOC";"21/10/2021";"29";"0";"0";"45";"0";"REMEDIAR";"Sub. De Medicamentos e Información Estrategica";"Sec. De  Acceso a la Salud";"
Cambia denominación Programa y UE";"2021";8;"Secretaría de Acceso a la Salud";"REMEDIAR";"DSPYN";"Programas"
"47";"29.0.0.45.0";"Dirección Nacional De Medicamentos Y Tecnología Sanitaria";"EX-2021-101478111-APN-DCYC#MS";"Abierto";"2021";"2021";"80-208-SCO21";"Adquisición de Lectoras y Computadoras";"80-0061-LPU21";"Adquisicion de Lectoras y Computadoras";549893188;"22/10/2021";151;"En Apertura";"Autorizada";"20/10/2021";153;"3-Apertura";"10/3/2022";"DNMYTS#MS-PVD";"DNMYTS#MS - Dirección nacional de medicamentos y tecnología sanitaria";742;"EX-2021-77954475-   -APN-SGA#MS";"EX-2021-101478111-   -APN-DCYC#MS";"COMPRAR";"Compras y contrataciones";"DCYC#MS - Dirección de compras y contrataciones";"UOC";"22/10/2021";"29";"0";"0";"45";"0";"REMEDIAR";"Sub. De Medicamentos e Información Estrategica";"Sec. De  Acceso a la Salud";"
Cambia denominación Programa y UE";"2021";12;"Secretaría de Acceso a la Salud";"REMEDIAR";"DNMYTS";"Programas"
"48";"25.0.0.41.0";"Dirección Nacional De Salud Sexual Y Reproductiva";"EX-2021-102907577-APN-DCYC#MS";"Abierto";"2021";"2021";"80-223-SCO21";"Adquisición de Sets para TEST DE EMBARAZO";"80-0062-LPU21";"Adquisición de sets para test de embarazo en orina.";122232000;"26/10/2021";147;"Disponible Para Adjudicar";"Autorizada";"01/11/2021";141;"5-Preadjudicación";"14/3/2022";"ALELGARCIA";"DAL#MS - Dirección de asuntos legales";738;NA;"EX-2021-102907577-   -APN-DCYC#MS";"COMPRAR";"Compras y contrataciones";"DCYC#MS - Dirección de compras y contrataciones";"PVD";"26/10/2021";"25";"0";"0";"41";"0";"Desarrollo de la Salud Sexual y la Procreación Responsable (PPG)";"Sec. De  Acceso a la Salud";"Sec. De  Acceso a la Salud";"Cambia UE
";"2021";8;"Secretaría de Acceso a la Salud";"Desarrollo de la Salud Sexual y la Procreación Responsable (PPG)";"DAL";"DAL"
"49";"1.0.0.3.0";"80/000 - Dirección General De Administración - Ms";"EX-2021-110718976-APN-DCYC#MS";"Abierto";"2021";"2021";"80-225-SCO21";"Tareas Generales para restauración y/o refuncionalización de oficinas pertenecientes al MSAL";"80-0063-LPU21";"Tareas Generales para restauración y/o refuncionalización de oficinas pertenecientes al MSAL";67203210;"15/11/2021";127;"En Apertura";"Autorizada";"12/10/2021";161;"3-Apertura";"18/3/2022";"SFINARDI";"DCYC#MS - Dirección de compras y contrataciones";734;"EX-2021-89604382-   -APN-SGA#MS";"EX-2021-110718976-   -APN-DCYC#MS";"COMPRAR";"Compras y contrataciones";"DCYC#MS - Dirección de compras y contrataciones";"UOC";"15/11/2021";"1";"0";"0";"3";"0";"Actividades de Apoyo Administrativo";"Sub. de Gestión Administrativa";"Sub. de Gestión Administrativa";"Cambia  UE";"2021";4;"Subsecretaría de Gestión Administrativa";"Actividades de Apoyo Administrativo";"DCYC";"Compras"
"50";"17.0.0.44.0";"Dirección De Salud Perinatal Y Niñez";"EX-2021-110767192-APN-DCYC#MS";"Abierto";"2021";"2021";"80-234-SCO21";"Adquisición de Salbutamol con Aerocámara";"80-0064-LPU21";"Adquisición de Salbutamol 100 mcg/dosis con Aerocámara para Campaña Invierno 2022";65500000;"15/11/2021";127;"Disponible Para Adjudicar";"Autorizada";"11/11/2021";131;"5-Preadjudicación";"16/3/2022";"JECONCEPCION";"SAS#MS - Secretaría de acceso a la salud";736;NA;"EX-2021-110767192-   -APN-DCYC#MS";"COMPRAR";"Compras y contrataciones";"DCYC#MS - Dirección de compras y contrataciones";"UOC";"15/11/2021";"17";"0";"0";"44";"0";"Salud Infantil";"Sub. De Estrategias Sanitarias";"Sec. De  Acceso a la Salud";"Cambia UE";"2021";6;"Secretaría de Acceso a la Salud";"Salud Infantil";"SAS";"Programas"
"51";"25.0.0.41.0";"Dirección Nacional De Salud Sexual Y Reproductiva";"EX-2021-112368199-APN-DCYC#MS";"Abierto";"2021";"2021";"80-233-SCO21";"Adquisición de aspiradores (AMEU) y Cánulas";"80-0065-LPU21";"Adquisición de aspiradores manuales y cánulas de aspiración para técnica de (AMEU)";51406670;"18/11/2021";124;"En Apertura";"Autorizada";"11/11/2021";131;"3-Apertura";"10/3/2022";"SFINARDI";"DCYC#MS - Dirección de compras y contrataciones";742;NA;"EX-2021-112368199-   -APN-DCYC#MS";"COMPRAR";"Compras y contrataciones";"DCYC#MS - Dirección de compras y contrataciones";"UOC";"18/11/2021";"25";"0";"0";"41";"0";"Desarrollo de la Salud Sexual y la Procreación Responsable (PPG)";"Sec. De  Acceso a la Salud";"Sec. De  Acceso a la Salud";"Cambia UE
";"2021";12;"Secretaría de Acceso a la Salud";"Desarrollo de la Salud Sexual y la Procreación Responsable (PPG)";"DCYC";"Compras"
"52";"41.0.0.1.0";"Dirección De Acciones Territoriales";"EX-2021-69409956-APN-DCYC#MS";"Abierto";"2021";"2021";"80-137-SCO21";"Adquisición de medicamentos, insumos médicos, equipamiento y servicio de reparación de equipo diagnóstico DAT";"80-0066-CDI21";"Adquisición de medicamentos, insumos médicos, y servicio de reparación";1719375;"02/08/2021";232;"Disponible Para Adjudicar";"Autorizada";"02/07/2021";263;"5-Preadjudicación";"15/3/2022";"FAROZA";"DAL#MS - Dirección de asuntos legales";737;"EX-2021-45765499-   -APN-SGA#MS";"EX-2021-69409956-   -APN-DCYC#MS";"COMPRAR";"Compras y contrataciones";"DCYC#MS - Dirección de compras y contrataciones";"UOC";"2/8/2021";"41";"0";"0";"1";"0";"Abordaje Sanitario Territorial - Centros de Atención Comunitaria Móviles";"Subs. Gestión de Servicios e Institutos";"Sec. De Calidad en Salud";"
Cambia UE";"2021";7;"Secretaría de Calidad en Salud";"Abordaje Sanitario Territorial - Centros de Atención Comunitaria Móviles";"DAL";"DAL"
"53";"1.0.0.3.0";"Dirección De Tecnologías De La Información Y De Las Comunicaciones";"EX-2021-112829062-APN-DCYC#MS";"Abierto";"2021";"2021";"80-238-SCO21";"Contratación de Servicio de Impresión - Ministerio de Salud";"80-0066-LPU21";"Contratación de Servicio de Impresión - Ministerio de Salud";1,2e+07;"19/11/2021";123;"En Evaluacion";"Autorizada";"15/11/2021";127;"4-Evaluación";"3/3/2022";"SESPINOZA";"DCYC#MS - Dirección de compras y contrataciones";749;"EX-2021-100393873-   -APN-SGA#MS";"EX-2021-112829062-   -APN-DCYC#MS";"COMPRAR";"Compras y contrataciones";"DCYC#MS - Dirección de compras y contrataciones";"UOC";"19/11/2021";"1";"0";"0";"3";"0";"Actividades de Apoyo Administrativo";"Sub. de Gestión Administrativa";"Sub. de Gestión Administrativa";"Cambia  UE";"2021";19;"Subsecretaría de Gestión Administrativa";"Actividades de Apoyo Administrativo";"DCYC";"Compras"
"54";"37.0.0.7.0";"Coordinación De Zoonosis-Dirección Nacional De Control De Enfermedades Transmisibles";"EX-2021-113554885-APN-DCYC#MS";"Abierto";"2021";"2021";"80-236-SCO21";"Adquisición de vacuna antirrábica de uso veterinario";"80-0067-LPU21";"Adquisición de vacunas antirrábicas para uso veterinario.";113653200;"23/11/2021";119;"Disponible Para Adjudicar";"Autorizada";"15/11/2021";127;"5-Preadjudicación";"16/3/2022";"DRIBANO";"DCYC#MS - Dirección de compras y contrataciones";736;"EX-2021-108092873-   -APN-SGA#MS";"EX-2021-113554885-   -APN-DCYC#MS";"COMPRAR";"Compras y contrataciones";"DCYC#MS - Dirección de compras y contrataciones";"UOC";"23/11/2021";"37";"0";"0";"7";"0";"Vigilancia, Prevención y Control de Enfermedades Zoonóticas";"Dir Nac Enferm Transmisibles";"Sec. De  Acceso a la Salud";NA;"2021";6;"Secretaría de Acceso a la Salud";"Vigilancia, Prevención y Control de Enfermedades Zoonóticas";"DCYC";"Compras"
"55";"49.0.0.4.0";"Dirección Nacional De Epidemiología E Información Estratégica";"EX-2021-114693815-APN-DCYC#MS";"Abierto";"2021";"2021";"80-241-SCO21";"Adquisición productos para Influenza";"80-0068-LPU21";"Adquisición de Insumos para la Detección de Influenza y Otros Virus Respiratorios";92344374;"25/11/2021";117;"En Apertura";"Autorizada";"23/11/2021";119;"3-Apertura";"17/3/2022";"SESPINOZA";"DCYC#MS - Dirección de compras y contrataciones";735;NA;"EX-2021-114693815-   -APN-DCYC#MS";"COMPRAR";"Compras y contrataciones";"DCYC#MS - Dirección de compras y contrataciones";"UOC";"25/11/2021";NA;NA;NA;NA;NA;NA;NA;NA;NA;"2021";5;"Sin programa asociado";NA;"DCYC";"Compras"
"56";"42.0.0.12.0";"Dsb#Ms";"EX-2021-69958372-APN-DCYC#MS";"Abierto";"2021";"2021";"80-136-SCO21";"Adquisición de Material Gráfico DSB";"80-0069-CDI21";"Adquisición de Material Gráfico DSB";923315;"03/08/2021";231;"En Evaluacion";"Autorizada";"05/07/2021";260;"4-Evaluación";"3/3/2022";"CMARTINELLI";"DSB#MS - Dirección de salud bucodental";749;"EX-2021-57629578-   -APN-SGA#MS";"EX-2021-69958372-   -APN-DCYC#MS";"COMPRAR";"Compras y contrataciones";"DCYC#MS - Dirección de compras y contrataciones";"UOC";"3/8/2021";"42";"0";"0";"12";"0";"Promoción y Atención Primaria en Salud Bucodental";"Subs. de Estrategias Sanitarias";"Sec. De Acceso a la Salud";"
Cambia UE";"2021";19;"Secretaría de Acceso a la Salud";"Promoción y Atención Primaria en Salud Bucodental";"DSB";"Programas"
"57";"25.0.0.41.0";"Dirección Nacional De Salud Sexual Y Reproductiva";"EX-2021-120260922-APN-DCYC#MS";"Abierto";"2021";"2021";"80-242-SCO21";"Adquisición de Dispositivos Intrauterinos (DIUs)";"80-0069-LPU21";"Adquisición de Dispositivos Intrauterinos (DIUs)";35716800;"10/12/2021";102;"En Apertura";"Autorizada";"25/11/2021";117;"3-Apertura";"13/3/2022";"DCYC#MS-COMISION_EVALUADORA";"DCYC#MS - Dirección de compras y contrataciones";739;NA;"EX-2021-120260922-   -APN-DCYC#MS";"COMPRAR";"Compras y contrataciones";"DCYC#MS - Dirección de compras y contrataciones";"PVD";"10/12/2021";"25";"0";"0";"41";"0";"Desarrollo de la Salud Sexual y la Procreación Responsable (PPG)";"Sec. De  Acceso a la Salud";"Sec. De  Acceso a la Salud";"Cambia UE
";"2021";9;"Secretaría de Acceso a la Salud";"Desarrollo de la Salud Sexual y la Procreación Responsable (PPG)";"DCYC";"Compras"
"58";NA;NA;"EX-2021-125460857-APN-DCYC#MS";"Abierto";"2021";"sin SCO";"sin SCO";"sin SCO";"80-0070-LPU21";"Adq.de indumentaria de trabajo y elementos de protección para el personal de diversas Secretarías";NA;"27/12/2021";85;NA;NA;NA;NA;"1-Inicial";"27/12/2021";"SCASADO";"DCYC#MS - Dirección de compras y contrataciones";450;NA;NA;"COMPRAR";"Compras y contrataciones";"DCYC#MS - Dirección de compras y contrataciones";"UOC";"27/12/2021";NA;NA;NA;NA;NA;NA;NA;NA;NA;"2021";85;"Sin SCO vinculada";NA;"DCYC";"Compras"
"59";"26.0.0.1.0";"Dirección Nacional De Emergencias Sanitarias";"EX-2021-71365559-APN-DCYC#MS";"Abierto";"2021";"2021";"80-139-SCO21";"REPARACION CAMARAS FRIGORIFICAS EN DINESA";"80-0071-CDI21";"SERVICIO DE REPARACIÓN CÁMARAS FRIGORÍFICAS EN DINESA";790000;"06/08/2021";228;"Disponible Para Adjudicar";"Autorizada";"07/07/2021";258;"5-Preadjudicación";"17/3/2022";"YMORICHETTI";"SSGSEI#MS - Subsecretaria de gestión de servicios e institutos";735;"EX-2021-57637337-   -APN-SGA#MS";"EX-2021-71365559-   -APN-DCYC#MS";"COMPRAR";"Compras y contrataciones";"DCYC#MS - Dirección de compras y contrataciones";"UOC";"6/8/2021";"26";"0";"0";"1";"0";"Cobertura de Emergencias Sanitarias";"Subs. Gestión de Servicios e Institutos";"Sec. De Calidad en Salud";"
Cambia UE";"2021";5;"Secretaría de Calidad en Salud";"Cobertura de Emergencias Sanitarias";"SSGSEI";"Programas"
"60";"29.0.0.45.0";"Dirección  Cobertura Medicamentos Especiales Y Alto Precio";"EX-2021-126571842-APN-DCYC#MS";"Abierto";"2021";"2022";"80-14-SCO22";"Adquisición de medicamentos destinados a la cobertura de pacientes con Fibrosis Quística";"80-0072-LPU21";"Adquisición de medicamentos destinados a la cobertura de pacientes con Fibrosis Quística.";215302213;"29/12/2021";83;"En Apertura";"Autorizada";"20/01/2022";61;"3-Apertura";"10/2/2022";"SEBLOPEZ";"DCYC#MS - Dirección de compras y contrataciones";771;"EX-2021-126571842-   -APN-DCYC#MS";"EX-2021-126571842-   -APN-DCYC#MS";"COMPRAR";"Compras y contrataciones";"DCYC#MS - Dirección de compras y contrataciones";"UOC";"29/12/2021";"29";"0";"0";"45";"0";"REMEDIAR";"Sub. De Medicamentos e Información Estrategica";"Sec. De  Acceso a la Salud";"
Cambia denominación Programa y UE";"2021";40;"Secretaría de Acceso a la Salud";"REMEDIAR";"DCYC";"Compras"
"61";"21.0.0.49.0";"Dirección De Medicina Transfusional";"EX-2021-82461877-APN-DCYC#MS";"Abierto";"2021";"2021";"80-12-SCO21";"ADQUISICIÓN DE AGITADORES DE EXTRACCIÓN";"80-0086-CDI21";"Adquisición de agitadores para equipos de hemoterapia – Emergencia sanitaria COVID -19";12793750;"03/09/2021";200;"En Apertura";"Autorizada";"29/09/2021";174;"3-Apertura";"18/2/2022";"DCYT#MS-TESORERIA";"DCYT#MS - Dirección de contabilidad y tesorería";763;NA;"EX-2021-82461877-   -APN-DCYC#MS";"COMPRAR";"Compras y contrataciones";"DCYC#MS - Dirección de compras y contrataciones";"UOC";"3/9/2021";"21";"0";"0";"49";"0";"Promoción de la Calidad en Hemoterapia";"Sub. De Gestión de Servicios e Institutos";"Sec. De Calidad en Salud";"Cambia UE
";"2021";32;"Secretaría de Calidad en Salud";"Promoción de la Calidad en Hemoterapia";"DCYT";"Contabilidad"
"62";"20.0.0.43.0";"Dicei";"EX-2021-83558265-APN-DCYC#MS";"Abierto";"2021";"2021";"80-183-SCO21";"Adquisición Carnets de Vacunación Covid19";"80-0087-CDI21";"ADQUISICION DE CARNETS DE VACUNACIÓN COVID 19";4e+07;"07/09/2021";196;"En Apertura";"Autorizada";"18/08/2021";216;"3-Apertura";"15/3/2022";"SESPINOZA";"DCYC#MS - Dirección de compras y contrataciones";737;"EX-2021-71497312-   -APN-SGA#MS";"EX-2021-83558265-   -APN-DCYC#MS";"COMPRAR";"Compras y contrataciones";"DCYC#MS - Dirección de compras y contrataciones";"PVD";"7/9/2021";"20";"0";"0";"43";"0";"Normatización, Suministro y Supervisión de Vacunaciones";"Sub. De Estrategias Sanitarias";"Sec. De  Acceso a la Salud";"Cambia UE";"2021";7;"Secretaría de Acceso a la Salud";"Normatización, Suministro y Supervisión de Vacunaciones";"DCYC";"Compras"
"63";"16.0.0.49.0";"Direccion Nacional De Sistemas De Informacion";"EX-2021-95012302-APN-DCYC#MS";"Abierto";"2021";"2022";"80-32-SCO22";"Servicio de Housing con la provisión del Hardware Dedicado propiedad de ARSAT";"80-0098-CDI21";"Servicio de Housing con la provisión del Hardware Dedicado propiedad de ARSAT";846600;"05/10/2021";168;"Disponible Para Adjudicar";"Autorizada";"23/02/2022";27;"5-Preadjudicación";"9/3/2022";"MADIPACE";"DCYC#MS - Dirección de compras y contrataciones";743;"EX-2021-95012302-   -APN-DCYC#MS";"EX-2021-95012302-   -APN-DCYC#MS";"COMPRAR";"Compras y contrataciones";"DCYC#MS - Dirección de compras y contrataciones";"PVD";"5/10/2021";"16";"0";"0";"49";"0";"Implementación de Sistemas de Información Sanitaria";"Sub. De Integración de los Sistemas";"Sec. De Equidad en Salud";"Cambia UE";"2021";13;"Secretaría de Equidad de Salud";"Implementación de Sistemas de Información Sanitaria";"DCYC";"Compras"
"64";"29.0.0.46.0";"Banco De Drogas Especiales";"EX-2021-98486069-APN-DCYC#MS";"Abierto";"2021";"2021";"80-220-SCO21";"Contratación Directa por Exclusividad Asparaginasa Pegilada";"80-0100-CDI21";"Adquisición de Asparaginasa Pegilada";268738524;"15/10/2021";158;"Disponible Para Adjudicar";"Autorizada";"04/10/2021";169;"5-Preadjudicación";"18/3/2022";"FCLEMENTE";"UGA#MS - Unidad gabinete de asesores";734;NA;"EX-2021-98486069-   -APN-DCYC#MS";"COMPRAR";"Compras y contrataciones";"DCYC#MS - Dirección de compras y contrataciones";"UOC";"15/10/2021";"29";"0";"0";"46";"0";"Banco de Drogas";"Sub. De Medicamentos e Información Estrategica";"Sec. De  Acceso a la Salud";"
Cambia UE";"2021";4;"Secretaría de Acceso a la Salud";"Banco de Drogas";"UGA";"Programas"
"65";NA;NA;"EX-2021-103289151-APN-DCYC#MS";"Abierto";"2021";"sin SCO";"sin SCO";"sin SCO";"80-0105-CDI21";"Adquisición de Insumos para mantenimiento y reparación de equipos.";NA;"27/10/2021";146;NA;NA;NA;NA;"1-Inicial";"3/2/2022";"AEGARMENDIA";"DAT#MS - Dirección de acciones territoriales";778;NA;NA;"COMPRAR";"Compras y contrataciones";"DCYC#MS - Dirección de compras y contrataciones";"UOC";"27/10/2021";NA;NA;NA;NA;NA;NA;NA;NA;NA;"2021";47;"Sin SCO vinculada";NA;"DAT";"Programas"
"66";"41.0.0.1.0";"Dirección De Acciones Territoriales";"EX-2021-104329771-APN-DCYC#MS";"Abierto";"2021";"2021";"80-140-SCO21";"Adquisición de medicamentos, insumos médicos, equipamiento y servicio de reparación de equipo diagnóstico DAT";"80-0106-CDI21";"Adquisición de insumos médicos y equipamiento";1149375;"29/10/2021";144;"En Evaluacion";"Autorizada";"07/07/2021";258;"4-Evaluación";"2/3/2022";"DAT#MS-ADMINISTRACION";"DAT#MS - Dirección de acciones territoriales";750;"EX-2021-45765499-   -APN-SGA#MS";"EX-2021-104329771-   -APN-DCYC#MS";"COMPRAR";"Compras y contrataciones";"DCYC#MS - Dirección de compras y contrataciones";"UOC";"29/10/2021";"41";"0";"0";"1";"0";"Abordaje Sanitario Territorial - Centros de Atención Comunitaria Móviles";"Subs. Gestión de Servicios e Institutos";"Sec. De Calidad en Salud";"
Cambia UE";"2021";20;"Secretaría de Calidad en Salud";"Abordaje Sanitario Territorial - Centros de Atención Comunitaria Móviles";"DAT";"Programas"
"67";"16.0.0.49.0";"Direccion Nacional De Sistemas De Informacion";"EX-2021-107884751-APN-DCYC#MS";"Abierto";"2021";"2021";"80-200-SCO21";"Servicio de Infraestructura como Servicio (IaaS) en la Nube Pública Nacional (NPN).";"80-0108-CDI21";"Servicio de Infraestructura como Servicio (IaaS) en la Nube Pública Nacional (NPN)";44842404;"08/11/2021";134;"Disponible Para Adjudicar";"Autorizada";"27/08/2021";207;"5-Preadjudicación";"8/2/2022";"MNLOMBARDO";"DCYC#MS - Dirección de compras y contrataciones";773;"EX-2021-78194426-   -APN-SGA#MS";"EX-2021-107884751-   -APN-DCYC#MS";"COMPRAR";"Compras y contrataciones";"DCYC#MS - Dirección de compras y contrataciones";"UOC";"8/11/2021";"16";"0";"0";"49";"0";"Implementación de Sistemas de Información Sanitaria";"Sub. De Integración de los Sistemas";"Sec. De Equidad en Salud";"Cambia UE";"2021";42;"Secretaría de Equidad de Salud";"Implementación de Sistemas de Información Sanitaria";"DCYC";"Compras"
"68";"17.0.0.43.0";"Dirección De Salud Perinatal Y Niñez";"EX-2021-108896109-APN-DCYC#MS";"Abierto";"2021";"2021";"80-228-SCO21";"Suplemento Nutricional en Polvo a Base de Fumarato Ferroso, Vitamina A y Zinc";"80-0109-CDI21";"Adquisición de Suplemento Nutricional en Polvo a Base de Fumarato Ferroso, Vitamina A y Zinc.";249855527;"10/11/2021";132;"En Evaluacion";"Autorizada";"20/10/2021";153;"4-Evaluación";"17/3/2022";"JELEILA";"DNACV#MS - Dirección nacional de abordaje por curso de vida";735;NA;"EX-2021-108896109-   -APN-DCYC#MS";"COMPRAR";"Compras y contrataciones";"DCYC#MS - Dirección de compras y contrataciones";"UOC";"10/11/2021";"17";"0";"0";"43";"0";"Acciones de Perinatología";"Sub. De Estrategias Sanitarias";"Sec. De  Acceso a la Salud";"Cambia UE";"2021";5;"Secretaría de Acceso a la Salud";"Acciones de Perinatología";"DNACV";"Programas"
"69";"22.0.0.46.0";"Dirección De Respuesta Al Vih, Its, Hepatitis Virales Y Tuberculosis";"EX-2021-108981035-APN-DCYC#MS";"Abierto";"2021";"2021";"80-231-SCO21";"Adquisición del coformulado de Glecaprevir 100 mg y Pibrentasvir 40 mg";"80-0110-CDI21";"Adquisición del coformulado de Glecaprevir 100 mg y Pibrentasvir 40 mg.";489946800;"10/11/2021";132;"Pendiente Análisis";"Autorizada";"29/10/2021";144;"5-Preadjudicación";"9/3/2022";"LCANCELA";"UGA#MS - Unidad gabinete de asesores";743;"EX-2021-102284392-   -APN-SGA#MS";"EX-2021-108981035-   -APN-DCYC#MS";"COMPRAR";"Compras y contrataciones";"DCYC#MS - Dirección de compras y contrataciones";"UOC";"10/11/2021";"22";"0";"0";"46";"0";"Prevención y Control de las Hepatitis Virales";"Sub. De Estrategias Sanitarias";"Sec. De  Acceso a la Salud";"Cambia UE
";"2021";13;"Secretaría de Acceso a la Salud";"Prevención y Control de las Hepatitis Virales";"UGA";"Programas"
"70";"22.0.0.46.0";"Dirección De Respuesta Al Vih, Its, Hepatitis Virales Y Tuberculosisi";"EX-2021-110679011-APN-DCYC#MS";"Abierto";"2021";"2021";"80-230-SCO21";"Adquisición del coformulado de Sofosbuvir 400 mg y Velpatasvir 100 mg";"80-0113-CDI21";"Adquisición del coformulado de Sofosbuvir 400 mg y Velpatasvir 100 mg.";482875680;"15/11/2021";127;"Disponible Para Adjudicar";"Autorizada";"29/10/2021";144;"5-Preadjudicación";"9/3/2022";"LCANCELA";"UGA#MS - Unidad gabinete de asesores";743;"EX-2021-102234375-   -APN-SGA#MS";"EX-2021-110679011-   -APN-DCYC#MS";"COMPRAR";"Compras y contrataciones";"DCYC#MS - Dirección de compras y contrataciones";"PVD";"15/11/2021";"22";"0";"0";"46";"0";"Prevención y Control de las Hepatitis Virales";"Sub. De Estrategias Sanitarias";"Sec. De  Acceso a la Salud";"Cambia UE
";"2021";13;"Secretaría de Acceso a la Salud";"Prevención y Control de las Hepatitis Virales";"UGA";"Programas"
"71";NA;NA;"EX-2021-117232545-APN-DCYC#MS";"Abierto";"2021";"sin SCO";"sin SCO";"sin SCO";"80-0117-CDI21";"Adquisición de licencias anuales de POWER BI PRO, SQLSvrStd, VSProSubMSDN y WinSvrSTDCore";NA;"02/12/2021";110;NA;NA;NA;NA;"1-Inicial";"18/3/2022";"LCARRENO";"DGPYCP#MS - Dirección general de programación y control presupuestario";734;NA;NA;"COMPRAR";"Compras y contrataciones";"DCYC#MS - Dirección de compras y contrataciones";"UOC";"2/12/2021";NA;NA;NA;NA;NA;NA;NA;NA;NA;"2021";4;"Sin SCO vinculada";NA;"DGPYCP";"Presupuesto"
"72";"1.0.0.3.0";"Direccion De Salud Ocupacional";"EX-2021-117811397-APN-DCYC#MS";"Abierto";"2021";"2022";"80-10-SCO22";"LOCACIÓN INMUEBLE VIEDMA - RÍO NEGRO";"80-0118-CDI21";"Locación inmueble. Localidad Viedma. Provincia: Río Negro.";4320000;"03/12/2021";109;"En Apertura";"Autorizada";"17/01/2022";64;"3-Apertura";"3/3/2022";"LUCSILVA";"DCYC#MS - Dirección de compras y contrataciones";749;"EX-2021-21094190-   -APN-DD#MS";"EX-2021-117811397-   -APN-DCYC#MS";"COMPRAR";"Compras y contrataciones";"DCYC#MS - Dirección de compras y contrataciones";"UOC";"3/12/2021";"1";"0";"0";"3";"0";"Actividades de Apoyo Administrativo";"Sub. de Gestión Administrativa";"Sub. de Gestión Administrativa";"Cambia  UE";"2021";19;"Subsecretaría de Gestión Administrativa";"Actividades de Apoyo Administrativo";"DCYC";"Compras"
"73";"42.0.0.12.0";"Dsb#Ms";"EX-2021-118285777-APN-DCYC#MS";"Abierto";"2021";"2021";"80-121-SCO21";"Locación de inmueble Piedras 77- Dirección de Salud Bucodental";"80-0119-CDI21";"Contratación de alquiler de Inmueble Calle Piedras";4464000;"06/12/2021";106;"Disponible Para Adjudicar";"Autorizada";"13/12/2021";99;"5-Preadjudicación";"9/3/2022";"BCODA";"DAL#MS - Dirección de asuntos legales";743;"EX-2021-45253297-   -APN-SGA#MS";"EX-2021-118285777-   -APN-DCYC#MS";"COMPRAR";"Compras y contrataciones";"DCYC#MS - Dirección de compras y contrataciones";"UOC";"6/12/2021";"42";"0";"0";"12";"0";"Promoción y Atención Primaria en Salud Bucodental";"Subs. de Estrategias Sanitarias";"Sec. De Acceso a la Salud";"
Cambia UE";"2021";13;"Secretaría de Acceso a la Salud";"Promoción y Atención Primaria en Salud Bucodental";"DAL";"DAL"
"74";"29.0.0.45.0";"Dirección Nacional De Medicamentos Y Tecnología Sanitaria";"EX-2021-118919290-APN-DCYC#MS";"Abierto";"2021";"2021";"80-243-SCO21";"Adquisición de Productos Dermatológicos - Plan 1000 días Ley 27.611";"80-0122-CDI21";"Adquisición de Productos Dermatológicos - Plan 1000 días Ley 27.611.";31293400;"07/12/2021";105;"En Evaluacion";"Autorizada";"29/11/2021";113;"4-Evaluación";"18/3/2022";"MDBELLONE";"DNACV#MS - Dirección nacional de abordaje por curso de vida";734;"EX-2021-114916962-   -APN-SGA#MS";"EX-2021-118919290-   -APN-DCYC#MS";"COMPRAR";"Compras y contrataciones";"DCYC#MS - Dirección de compras y contrataciones";"UOC";"7/12/2021";"29";"0";"0";"45";"0";"REMEDIAR";"Sub. De Medicamentos e Información Estrategica";"Sec. De  Acceso a la Salud";"
Cambia denominación Programa y UE";"2021";4;"Secretaría de Acceso a la Salud";"REMEDIAR";"DNACV";"Programas"
"75";"17.0.0.43.0";"Direccion De Salud Perinatal Y Niñez";"EX-2021-118986995-APN-DCYC#MS";"Abierto";"2021";"2021";"80-240-SCO21";"adquisición palivizumab 100MG/ML";"80-0124-CDI21";"Adquisición de Palivizumab";327331596;"07/12/2021";105;"En Evaluacion";"Autorizada";"19/11/2021";123;"4-Evaluación";"17/3/2022";"LDABATE";"DNACV#MS - Dirección nacional de abordaje por curso de vida";735;NA;"EX-2021-118986995-   -APN-DCYC#MS";"COMPRAR";"Compras y contrataciones";"DCYC#MS - Dirección de compras y contrataciones";"UOC";"7/12/2021";"17";"0";"0";"43";"0";"Acciones de Perinatología";"Sub. De Estrategias Sanitarias";"Sec. De  Acceso a la Salud";"Cambia UE";"2021";5;"Secretaría de Acceso a la Salud";"Acciones de Perinatología";"DNACV";"Programas"
"76";"22.0.0.41.0";"Dirección De Respuesta Al Vih, Its, Hepatitis Virales Y Tuberculosis";"EX-2021-81316714-APN-DCYC#MS";"Abierto";"2021";"2021";"80-198-SCO21";"Adquisición de los medicamentos antirretrovirales coformulados, Lopinavir / Ritonavir";"80-0125-CDI21";"Adquisición Ritonavir  y Lopinavir (Jarabe y Comprimidos)";52420720;"16/12/2021";96;"Disponible Para Adjudicar";"Autorizada";"09/09/2021";194;"5-Preadjudicación";"14/3/2022";"MARICOLOMBO";"SSES#MS - Subsecretaría de estrategias sanitarias";738;NA;"EX-2021-81316714-   -APN-DCYC#MS";"COMPRAR";"Compras y contrataciones";"DCYC#MS - Dirección de compras y contrataciones";"UOC";"1/9/2021";"22";"0";"0";"41";"0";"Vigilancia Epidemiológica e Investigaciones en SIDA";"Sub. De Estrategias Sanitarias";"Sec. De  Acceso a la Salud";"Cambia UE
";"2021";8;"Secretaría de Acceso a la Salud";"Vigilancia Epidemiológica e Investigaciones en SIDA";"SSES";"Programas"
"77";NA;NA;"EX-2021-123480167-APN-DCYC#MS";"Abierto";"2021";"sin SCO";"sin SCO";"sin SCO";"80-0126-CDI21";"Capacitación de los Equipos de Salud de Atención Primaria y Salud Comunitaria";NA;"20/12/2021";92;NA;NA;NA;NA;"1-Inicial";"11/2/2022";"SCA#JGM-PVD";"SCA#JGM - Secretaría de coordinación administrativa";770;NA;NA;"COMPRAR";"Compras y contrataciones";"DCYC#MS - Dirección de compras y contrataciones";"UOC";"20/12/2021";NA;NA;NA;NA;NA;NA;NA;NA;NA;"2021";39;"Sin SCO vinculada";NA;"SCA#JGM";"Programas"
"78";NA;NA;"EX-2021-123786078-APN-DCYC#MS";"Abierto";"2021";"sin SCO";"sin SCO";"sin SCO";"80-0127-CDI21";"Prestación de Servicios para Control de Calidad y Realización de Estudios de Laboratorio";NA;"21/12/2021";91;NA;NA;NA;NA;"1-Inicial";"17/3/2022";"FAROZA";"DAL#MS - Dirección de asuntos legales";735;NA;NA;"COMPRAR";"Compras y contrataciones";"DCYC#MS - Dirección de compras y contrataciones";"UOC";"21/12/2021";NA;NA;NA;NA;NA;NA;NA;NA;NA;"2021";5;"Sin SCO vinculada";NA;"DAL";"DAL"
"79";NA;"Dgpfe#Ms";"EX-2022-13518641-APN-DGPFE#MS";"Abierto";"2022";"2022";"80/12-28-SCO22";"Adquisición de medicamentos inmunosupresores e inductores";"80/12-0005-LPU22";"Medicamentos Inmunosupresores e Inductores para seguimiento postrasplante (INCUCAI)";55718133;"11/02/2022";39;"Publicado";"Autorizada";"16/02/2022";34;"2-Publicación o invitación";"9/3/2022";"JAGUADA";"DGPFE#MS - Dirección general de proyectos con financiamiento externo";743;"EX-2022-11175586-   -APN-SGA#MS";"EX-2022-13518641-   -APN-DGPFE#MS";"COMPRAR";"Compras y contrataciones";"DGPFE#MS - Dirección general de proyectos con financiamiento externo";"ADQUISICIONESYCONTRATACIONES";"11/2/2022";NA;NA;NA;NA;NA;NA;NA;NA;NA;"2022";13;"Sin programa asociado";NA;"DGPFE";"DGPFE"
"80";NA;NA;"EX-2022-14284312-APN-DGPFE#MS";"Abierto";"2022";"sin SCO";"sin SCO";"sin SCO";"80/12-0006-LPU22";"Adquisición de frascos ampollas de Basiliximab 20mg polvo para inyectable";NA;"14/02/2022";36;NA;NA;NA;NA;"1-Inicial";"17/3/2022";"DGPFE#MS-ADQUISICIONESYCONTRATACIONES";"DGPFE#MS - Dirección general de proyectos con financiamiento externo";735;NA;NA;"COMPRAR";"Compras y contrataciones";"DGPFE#MS - Dirección general de proyectos con financiamiento externo";"ADQUISICIONESYCONTRATACIONES";"14/2/2022";NA;NA;NA;NA;NA;NA;NA;NA;NA;"2022";5;"Sin SCO vinculada";NA;"DGPFE";"DGPFE"
"81";NA;"Dgpfe#Ms";"EX-2022-14867200-APN-DGPFE#MS";"Abierto";"2022";"2022";"80/12-31-SCO22";"Adquisición de medicamentos para seguimiento postrasplante – Sirolimus 0.5mg, 1mg, 2mg";"80/12-0007-LPU22";"Adquisición de medicamentos para seguimiento postrasplante – Sirolimus 0.5mg, 1mg, 2mg";461715901;"16/02/2022";34;"Ingresado";"Autorizada";"17/02/2022";33;"1-Inicial";"9/3/2022";"JAGUADA";"DGPFE#MS - Dirección general de proyectos con financiamiento externo";743;"EX-2022-11159551-   -APN-SGA#MS";"EX-2022-14867200-   -APN-DGPFE#MS";"COMPRAR";"Compras y contrataciones";"DGPFE#MS - Dirección general de proyectos con financiamiento externo";"ADQUISICIONESYCONTRATACIONES";"16/2/2022";NA;NA;NA;NA;NA;NA;NA;NA;NA;"2022";13;"Sin programa asociado";NA;"DGPFE";"DGPFE"
"82";NA;"Dgpfe#Ms";"EX-2021-116069055-APN-DGPFE#MS";"Abierto";"2021";"2021";"80/12-245-SCO21";"Adquisición de equipamiento básico de oficina (segundo llamado)";"80/12-0009-CDP21";"Adquisición de equipamiento básico de oficina (segundo llamado)";4547900;"30/11/2021";112;"En Apertura";"Autorizada";"30/11/2021";112;"3-Apertura";"7/3/2022";"MMAURO";"DNES#MS - Dirección nacional de emergencias sanitarias";745;"EX-2021-107187746-   -APN-SGA#MS";"EX-2021-116069055-   -APN-DGPFE#MS";"COMPRAR";"Compras y contrataciones";"DGPFE#MS - Dirección general de proyectos con financiamiento externo";"ADQUISICIONESYCONTRATACIONES";"30/11/2021";NA;NA;NA;NA;NA;NA;NA;NA;NA;"2021";15;"Sin programa asociado";NA;"DNES";"Programas"
